AgentID,Nom,Prenom,AgenceID,DateEmbauche,Specialite,Statut
AG001,Dupont,Marie,A001,2016-03-12,Auto,Actif
AG002,Martin,Jean,A002,2017-07-05,Habitation,Actif
AG003,Leroy,Sophie,A003,2018-01-18,Santé,Actif
AG004,Durand,Paul,A004,2015-11-22,Vie,Retraité
AG005,Moreau,Claire,A005,2019-04-09,Auto,Actif
AG006,Fournier,Luc,A006,2017-09-15,Juridique,Actif
AG007,Roux,Isabelle,A007,2018-06-02,Habitation,Actif
AG008,Petit,Julien,A008,2016-12-10,Santé,En congé
AG009,Girard,Emma,A009,2019-02-28,Auto,Actif
AG010,Andre,Nicolas,A010,2017-05-14,Vie,Actif
AG011,Leclerc,Anna,A001,2018-07-19,Auto,Actif
AG012,Faure,David,A002,2016-08-23,Santé,Retraité
AG013,Blanc,Laura,A003,2019-03-11,Juridique,Actif
AG014,Guerin,Thomas,A004,2017-10-05,Habitation,Actif
AG015,Henry,Julie,A005,2015-01-29,Vie,Retraité
AG016,Renaud,Alexandre,A006,2018-09-17,Auto,Actif
AG017,Marchand,Elise,A007,2019-06-08,Santé,Actif
AG018,Duval,François,A008,2017-02-12,Habitation,Actif
AG019,Schneider,Chloe,A009,2016-07-21,Juridique,En congé
AG020,Colin,Maxime,A010,2018-11-30,Auto,Actif
AG021,Perrot,Louise,A011,2016-04-10,Auto,Actif
AG022,Michel,Antoine,A012,2017-08-15,Habitation,Actif
AG023,Garcia,Sarah,A013,2018-02-20,Santé,Actif
AG024,Robin,Pierre,A014,2015-12-05,Vie,Retraité
AG025,Masson,Claire,A015,2019-05-12,Auto,Actif
AG026,Noel,Victor,A016,2017-10-09,Juridique,Actif
AG027,Chevalier,Emma,A017,2018-07-01,Habitation,Actif
AG028,Lopez,Pauline,A018,2016-11-18,Santé,En congé
AG029,Fontaine,Lucas,A019,2019-03-02,Auto,Actif
AG030,Carpentier,Manon,A020,2017-06-22,Vie,Actif
AG031,Renard,Juliette,A011,2018-08-10,Auto,Actif
AG032,Barbier,Adrien,A012,2016-09-25,Santé,Retraité
AG033,Arnaud,Marine,A013,2019-04-14,Juridique,Actif
AG034,Poiret,Kevin,A014,2017-11-07,Habitation,Actif
AG035,Georges,Amelie,A015,2015-02-16,Vie,Retraité
AG036,Rolland,Quentin,A016,2018-10-03,Auto,Actif
AG037,Descamps,Laura,A017,2019-07-19,Santé,Actif
AG038,Jacquet,Mathieu,A018,2017-03-28,Habitation,Actif
AG039,Millet,Charlotte,A019,2016-08-12,Juridique,En congé
AG040,Granger,Etienne,A020,2018-12-21,Auto,Actif
AG041,Legrand,Claire,A011,2016-05-02,Auto,Actif
AG042,Adam,Julien,A012,2017-09-11,Habitation,Actif
AG043,Rey,Sophie,A013,2018-03-25,Santé,Actif
AG044,Charles,Paul,A014,2015-12-19,Vie,Retraité
AG045,Lemoine,Lucie,A015,2019-06-14,Auto,Actif
AG046,Martel,Thomas,A016,2017-11-03,Juridique,Actif
AG047,Da Silva,Elisa,A017,2018-07-28,Habitation,Actif
AG048,Clément,Alexis,A018,2016-11-30,Santé,En congé
AG049,Vallee,Emma,A019,2019-03-25,Auto,Actif
AG050,Brun,Maxime,A020,2017-07-12,Vie,Actif
